Attack_Type,Image_Name,Residual_Strength_NaCl,Residual_Strength_HCl,Average_b*,Average_L*,Residual_Strength_MgSO4,Residual_Strength_H2SO4
0,image_226.jpg,36.27076574,35.27681542,4.64284946,2.895511632,68.38576387,37.32709738
0,image_172.jpg,37.56904072,34.46379166,5.697096464,3.574730907,38.86282366,33.7325903
0,image_95.jpg,38.39591629,33.57784057,6.837260058,4.311184564,13.77323358,31.50250886
0,image_139.jpg,39.74782241,36.82493955,2.89591963,1.845155224,21.2017557,34.22551879
0,image_201.jpg,37.24372712,36.42990036,3.281838748,2.05828591,56.23179096,38.17119667
0,image_332.jpg,36.01018505,34.95257338,5.025132585,3.151332009,79.89260444,37.02694834
0,image_58.jpg,36.98070804,35.47893496,4.434072579,2.792725824,37.99051087,36.82731988
0,image_326.jpg,36.59441234,35.02525641,4.958366714,3.109416428,58.64012145,36.0463639
0,image_101.jpg,37.17056506,35.34637062,4.594952193,2.913004287,40.79871364,35.86337425
0,image_228.jpg,36.29325997,35.19972901,4.737276556,2.968537583,65.34816854,37.10812753
0,image_8.jpg,37.26514934,35.67443218,4.195844344,2.616121414,52.06873201,36.2471641
0,image_131.jpg,38.31455833,36.9174881,2.726796293,1.704016282,47.00341282,37.07938809
0,image_317.jpg,37.52847248,32.94115438,7.607783557,4.812482187,28.72040861,32.96779455
0,image_231.jpg,38.12926082,34.42440675,5.762553816,3.63801719,9.19175169,32.42258144
0,image_307.jpg,36.52126779,35.992088,3.78629712,2.367998851,62.92683116,38.57103302
0,image_346.jpg,37.30783613,35.65235642,4.222598331,2.655594737,60.3277084,36.04663887
0,image_105.jpg,38.34756443,36.14362318,3.678868712,2.340175587,33.04621409,35.72118058
0,image_298.jpg,36.59237313,36.35111018,3.357478455,2.088706171,55.23300952,39.43128577
0,image_121.jpg,37.71254527,32.37370823,8.287021503,5.184698413,12.19597741,30.63862478
0,image_344.jpg,40.3094094,37.53358905,2.04749849,1.30728413,23.95246971,34.37696163
0,image_86.jpg,37.47487082,34.42431699,5.747472724,3.6533833,34.02167498,34.07103726
0,image_6.jpg,38.46384552,31.24808312,9.775909746,6.076744332,6.451874999,30.50425052
0,image_38.jpg,37.88316123,34.5119456,5.638357856,3.529463089,16.11388865,32.73904131
0,image_240.jpg,36.41543629,35.10199838,4.862319802,3.034556939,46.52763384,36.72445292
0,image_64.jpg,36.99347837,35.47925519,4.432960749,2.77594834,38.33090726,36.75388712
0,image_92.jpg,37.73272002,34.11638205,6.120179349,3.862932272,14.27625056,32.42720137
0,image_151.jpg,37.64857265,33.71617499,6.608222787,4.144943222,8.59004764,31.89847007
0,image_168.jpg,36.37855255,34.12922308,6.051924832,3.76290025,42.94985724,34.99366778
0,image_78.jpg,38.8893893,34.69427383,5.473026878,3.479549063,14.26389623,31.96427112
0,image_275.jpg,37.32026298,35.30968843,4.64299751,2.941980269,42.37396957,35.40426135
0,image_146.jpg,38.84339699,34.36070481,5.868797991,3.713010058,1.366249646,30.98626552
0,image_82.jpg,38.85292132,33.90684003,6.440421962,4.099677724,2.94317027,30.76924982
0,image_335.jpg,36.39999601,35.02994337,4.945493412,3.081628045,66.2148453,36.43686433
0,image_230.jpg,38.57028651,34.23975201,6.004529769,3.79510495,2.006814058,31.20260636
0,image_31.jpg,38.15877537,32.63845575,7.993517835,5.013537327,8.310691881,30.83982063
0,image_320.jpg,37.43575078,32.40416338,8.263909411,5.236367904,24.54406719,32.24081266
0,image_357.jpg,37.27959053,35.220213,4.748017184,2.980930518,49.56928792,35.19342449
0,image_155.jpg,37.43489509,35.10258784,4.926455904,2.976568867,34.60153619,35.85372133
0,image_315.jpg,35.75821794,34.65654697,5.376136827,3.341095556,78.22649619,36.88364625
0,image_247.jpg,36.37897732,35.40057187,4.499841482,2.774146409,45.73833589,37.53073888
0,image_81.jpg,38.62398899,33.64635399,6.767454773,4.306260106,8.34399505,31.41655339
0,image_106.jpg,38.25727573,33.41657755,7.022178462,4.383150718,10.53375622,31.17000316
0,image_186.jpg,37.55862953,33.74357782,6.603935957,4.069852179,33.2462542,33.46703863
0,image_46.jpg,38.82185448,35.84959835,4.038699488,2.543216049,23.64904613,33.52200075
0,image_322.jpg,38.50535216,32.14510631,8.686796518,5.512781522,13.13071069,32.39770775
0,image_198.jpg,36.75936315,35.00369904,4.999690621,3.08520169,41.92427764,36.04809366
0,image_181.jpg,36.33558846,34.63808931,5.433210191,3.375826846,57.18802784,36.26274425
0,image_337.jpg,36.54870435,35.09866048,4.867593841,3.021655073,65.0752642,36.30401154
0,image_257.jpg,36.23369657,35.78336998,4.029778441,2.512803715,63.52000986,38.68727635
0,image_192.jpg,38.57507002,35.10598907,4.954487424,3.088944118,19.77499997,33.22344933
0,image_331.jpg,36.52372112,35.08943973,4.877638854,3.048231243,65.99217917,36.32251715
0,image_277.jpg,36.25960126,35.13723721,4.810871011,3.00940117,75.38288176,36.989266
0,image_153.jpg,38.59517601,32.0979934,8.685176293,5.452484464,0.915707169,29.55588602
0,image_161.jpg,37.57306565,34.12008848,6.104786609,3.86494819,9.820977584,32.5418656
0,image_35.jpg,38.71739696,32.52192389,8.164513158,5.160993801,3.036875662,29.84901827
0,image_314.jpg,37.11837496,32.80864592,7.723748267,4.896931831,27.96643674,32.24200649
0,image_340.jpg,37.68673387,34.2592666,5.949652089,3.772622329,17.6084347,33.03330062
0,image_334.jpg,36.47754779,34.37231237,5.749386007,3.591320455,43.26791162,34.89730265
0,image_103.jpg,38.01344091,33.94093369,6.385800299,4.004534161,23.2241757,33.21946799
0,image_347.jpg,36.86345898,35.75180416,4.087110236,2.563595838,65.74634877,37.20968001
0,image_300.jpg,36.7012228,35.88229985,3.924572917,2.464231637,65.67868866,37.90121545
0,image_147.jpg,37.89389012,32.95376697,7.558617859,4.702887231,1.11617293,30.33224192
0,image_343.jpg,39.57949789,37.01315324,2.656938212,1.69394596,25.85879959,34.80712866
0,image_249.jpg,36.56918951,35.88477291,3.916462943,2.46217701,71.40632771,38.1553543
0,image_295.jpg,36.41715202,35.2773171,4.647573943,2.923973336,63.56186154,37.03915257
0,image_342.jpg,36.15371929,35.34770878,4.551503855,2.848533008,85.9974714,37.67783481
0,image_32.jpg,37.37227519,36.24907561,3.50177627,2.227618777,65.46576446,37.32976134
0,image_319.jpg,37.1561487,33.51066877,6.853534874,4.357091392,27.5108096,32.96996503
0,image_154.jpg,36.88337831,35.54250885,4.351940856,2.71668997,44.00835386,37.10637467
0,image_202.jpg,36.84638602,36.01730662,3.767093772,2.356056015,59.57224553,37.96856169
0,image_351.jpg,38.21087708,34.06967341,6.229258306,3.89096109,17.24538278,32.81611982
0,image_193.jpg,38.15788377,33.97624131,6.338594506,3.947389588,18.89625972,32.61903956
0,image_194.jpg,38.01224251,33.11033837,7.372899914,4.641412807,0.940714364,30.45706467
0,image_67.jpg,37.70167665,32.01146338,8.748065639,5.447572756,10.27685474,30.72778176
0,image_358.jpg,37.03256751,34.75522147,5.305038476,3.331472361,42.16260874,34.68492172
0,image_164.jpg,36.94387596,33.72953505,6.579744768,4.116397664,32.47593615,33.87311553
0,image_271.jpg,36.29866896,33.60927961,6.674864646,4.191571762,25.96619463,33.74647033
0,image_261.jpg,36.56315391,35.89227552,3.909689128,2.425069744,60.45802692,38.28955951
0,image_294.jpg,36.86174384,35.57167048,4.30722858,2.675404374,57.8418466,36.86453696
0,image_159.jpg,37.38162628,34.81166921,5.251769757,3.292433308,20.99148315,34.22880362
0,image_109.jpg,37.7575052,32.20430652,8.507595939,5.26637856,11.1542634,30.71108529
0,image_70.jpg,36.8449598,32.90397685,7.588577162,4.678145929,26.33410088,32.60872585
0,image_141.jpg,38.30513069,36.47913591,3.260125512,2.043143143,37.88409036,36.16199223
0,image_197.jpg,37.06097841,34.88327401,5.161844844,3.21058492,36.88304896,35.38284381
0,image_158.jpg,37.38268644,33.82388561,6.461377786,4.07574991,9.986856688,32.40539814
0,image_311.jpg,36.98454604,36.50046587,3.189033704,1.9881492,51.86723278,38.93866342
0,image_174.jpg,37.21923172,34.53845804,5.592382208,3.478061907,45.34911631,34.53891752
0,image_183.jpg,38.02992,33.46277756,6.962162784,4.371405801,22.18351793,31.90356373
0,image_313.jpg,36.17753122,35.46470485,4.412550734,2.727489611,71.61509309,37.98839008
0,image_33.jpg,36.82821475,35.23283088,4.713278656,2.975198445,72.33485995,35.99103362
0,image_302.jpg,37.33236338,34.43322388,5.727023511,3.549980152,28.38188069,34.18971855
0,image_296.jpg,36.31033923,35.51018914,4.361716136,2.71071339,68.1708746,37.8109476
0,image_15.jpg,36.70554326,35.31198746,4.617484571,2.901151709,42.70644766,36.61008234
0,image_330.jpg,37.99905249,33.63624462,6.754131393,4.212885804,16.77006299,32.51124423
0,image_137.jpg,38.56470649,36.59932796,3.124782684,1.926848827,34.06352808,35.96893993
0,image_288.jpg,36.28702874,35.77372676,4.04413261,2.502097,59.0492337,38.58899386
0,image_19.jpg,37.33200791,35.82214775,4.017848917,2.529885263,57.21199847,36.40605022
0,image_220.jpg,39.22411514,32.82370884,7.820384071,4.96738547,0.794590313,29.69115269
0,image_260.jpg,36.44845041,35.98419042,3.794477913,2.394656095,61.52569952,38.74817357
0,image_215.jpg,36.6602944,35.92039786,3.878454232,2.402813282,60.94446327,38.13567449
0,image_40.jpg,38.29707663,34.06008466,6.213813773,3.899296443,4.259589761,31.37917666
0,image_39.jpg,37.49108058,34.81087905,5.253663295,3.301524297,26.37005848,33.88508491
0,image_100.jpg,37.41354463,35.11430334,4.893772567,3.073951818,30.42615953,35.19428695
0,image_13.jpg,37.84359811,35.7282555,4.157115533,2.615341954,36.10671789,35.45546094
0,image_2.jpg,36.23981596,35.89109774,3.8998098,2.44612785,62.42853755,38.94483342
0,image_1.jpg,40.66767471,37.41191465,2.208859073,1.413006307,22.37035502,33.41682951
0,image_274.jpg,36.22116644,35.24757528,4.678255887,2.90764818,61.78501561,37.42912972
0,image_323.jpg,37.60200269,32.4790136,8.195962511,5.170861347,26.0136359,32.77751667
0,image_77.jpg,37.19425003,32.63192806,7.975611883,4.910890823,28.21461393,33.11322534
0,image_338.jpg,36.26930612,35.27600723,4.642562059,2.927109951,74.82040876,37.27808343
0,image_79.jpg,38.45246349,36.16986228,3.633841421,2.280951277,47.09724148,34.8738318
0,image_74.jpg,36.36428677,34.38576764,5.737042074,3.566542498,38.22000295,35.48593734
0,image_63.jpg,37.27479437,34.98498422,5.042797611,3.108164118,36.02755221,35.05379767
0,image_75.jpg,37.11713641,35.60939662,4.272852635,2.618068442,45.66758859,36.53335174
0,image_225.jpg,37.90306755,32.40668871,8.240003533,5.233757789,0.971740598,29.76413142
0,image_44.jpg,37.959001,34.27197628,5.935839697,3.720556386,9.655795491,32.1826101
0,image_216.jpg,38.69146587,32.99889373,7.584277956,4.763970271,8.673512083,30.97625635
0,image_254.jpg,36.31740226,35.48508499,4.393841834,2.70648762,66.13619351,37.79715239
0,image_83.jpg,38.74422347,34.75240206,5.399217455,3.428538726,19.63802558,32.46765337
0,image_130.jpg,38.84507807,33.39294784,7.074823951,4.498136157,1.855561054,30.0601021
0,image_162.jpg,36.96089194,35.30554003,4.634423977,2.907376851,42.12310866,36.08325051
0,image_354.jpg,38.37463773,33.05940049,7.505371658,4.700470802,12.31926545,31.99065904
0,image_16.jpg,38.32325138,34.08660976,6.190318821,3.889196452,8.12169636,31.70720302
0,image_232.jpg,36.44008657,36.05777549,3.705197848,2.32195236,58.91547518,38.94697952
0,image_73.jpg,36.65488528,32.91258668,7.558858986,4.647881101,23.56092546,32.49544411
0,image_60.jpg,37.96466896,35.48515172,4.461021565,2.801552635,27.66905884,34.84255824
0,image_191.jpg,37.58520411,34.05110529,6.190494906,3.923715989,6.944967008,32.423408
0,image_218.jpg,37.04825042,36.16628052,3.592811008,2.267882507,60.20256403,37.87693781
0,image_264.jpg,36.25070885,35.56177155,4.298467099,2.665445042,64.88445925,38.10980057
0,image_348.jpg,37.44040454,35.4904938,4.424242108,2.747948889,50.90173601,35.42907175
0,image_9.jpg,36.7840065,35.22256038,4.73509082,2.959219818,38.6442929,36.50611436
0,image_258.jpg,36.26932445,35.21958559,4.713895981,2.934916116,60.67713233,37.2664083
0,image_17.jpg,36.50331921,35.89866516,3.900205625,2.426548663,60.46819202,38.44095536
0,image_333.jpg,36.65468464,35.03581215,4.947452986,3.111460704,59.81993517,35.93922505
0,image_213.jpg,37.99010091,34.08321364,6.180014735,3.901325808,16.75090348,32.26311778
0,image_29.jpg,36.42343435,35.40946674,4.486056996,2.810690091,79.26338721,37.27350494
0,image_20.jpg,37.52953885,34.44189325,5.729696283,3.615378106,37.28620914,34.06774053
0,image_142.jpg,36.61109491,35.87715436,3.93108513,2.421974701,50.21519188,38.21366657
0,image_248.jpg,36.36110676,35.95024768,3.832891454,2.380114858,60.14565964,38.85939579
0,image_98.jpg,38.02943792,35.01224817,5.052878838,3.157139349,25.15960831,34.27157919
0,image_18.jpg,37.39951619,35.85615984,3.979764109,2.495759346,52.68728153,36.38092869
0,image_204.jpg,37.35847245,34.33535006,5.852712475,3.644977186,25.7370971,34.159026
0,image_48.jpg,38.34790818,34.06739174,6.211572359,3.880121047,10.54666085,31.49219367
0,image_90.jpg,36.51133969,35.80187869,4.017212019,2.486186344,59.89241923,38.17237382
0,image_292.jpg,37.40061115,35.47769185,4.442424472,2.797932334,41.14579059,35.64697701
0,image_30.jpg,38.35451573,34.1391794,6.116059137,3.878162767,0.605801993,31.28828769
0,image_42.jpg,38.29173549,33.92861897,6.37692951,3.99815411,6.064073391,31.24315531
0,image_3.jpg,37.05817476,35.40343776,4.519181285,2.840004852,43.7297599,36.11659253
0,image_190.jpg,37.09037896,34.36922311,5.790424433,3.627361303,45.67442808,34.29616212
0,image_97.jpg,37.12439803,35.50071232,4.400877357,2.798575588,58.00550982,36.09922279
0,image_156.jpg,36.99190598,35.4460537,4.476259966,2.766821474,40.94583843,36.80698913
0,image_200.jpg,36.93134804,33.8560974,6.410539123,4.041543271,24.59269637,33.56409104
0,image_345.jpg,37.44059103,35.26212802,4.702563712,2.949966054,46.28590324,34.95303656
0,image_51.jpg,38.35438152,33.18029078,7.340244409,4.648856393,13.8286163,31.57994723
0,image_278.jpg,38.28034275,33.98719029,6.345055694,3.946753108,17.36037427,33.03193172
0,image_104.jpg,38.32593928,36.38174527,3.373046844,2.1519456,49.83326458,35.64913604
0,image_246.jpg,36.5760115,35.97035466,3.813243764,2.417905947,68.03433147,38.35444065
0,image_189.jpg,38.25146936,34.4275696,5.771973937,3.648990964,20.07762506,32.55117492
0,image_196.jpg,39.0818959,33.06114332,7.509425714,4.772569998,1.843903766,29.79072599
0,image_304.jpg,36.49690771,35.67645081,4.167839917,2.577888955,67.54272136,37.86926396
0,image_180.jpg,36.58705031,33.8759725,6.383554303,3.962270857,48.86621796,34.68828662
0,image_244.jpg,37.00519697,33.89508058,6.356946608,4.018390439,11.1003431,33.13811035
0,image_214.jpg,39.56853109,32.43453902,8.381866913,5.27462176,2.896466437,31.27463396
0,image_14.jpg,37.58793123,35.35070644,4.600651937,2.900540424,40.27739443,34.87426715
0,image_291.jpg,36.46819242,35.89874665,3.898888241,2.439536787,60.97642331,38.51303831
0,image_36.jpg,37.63364519,36.32736927,3.417101513,2.17422182,53.13758215,37.0269548
0,image_219.jpg,37.72223719,33.25717472,7.23174382,4.469832455,25.0785497,33.32749004
0,image_251.jpg,38.39737776,34.00089791,6.316648226,3.964353467,13.45257061,32.17179788
0,image_175.jpg,36.56149173,35.51388048,4.369597469,2.717565848,42.20341313,37.45565963
0,image_34.jpg,36.9726213,35.55032285,4.334910409,2.70238128,63.18790834,36.50329982
0,image_113.jpg,38.33843767,36.09437869,3.72160107,2.327339032,47.95998904,34.93851209
0,image_80.jpg,37.55280515,35.95440685,3.866693124,2.465849205,50.19273575,36.32732938
0,image_361.jpg,37.40131765,35.48625746,4.429662511,2.757850212,45.46892892,35.56669511
0,image_22.jpg,37.03233727,35.67619448,4.184495945,2.638425338,60.05832686,36.68101686
0,image_126.jpg,37.60235042,33.90361586,6.383107824,4.028809751,21.74582853,32.58642345
0,image_125.jpg,37.94112998,34.02308233,6.274231583,3.955988114,25.02255535,33.17021933
0,image_318.jpg,37.18291916,33.4587815,6.90622805,4.353088751,9.087346848,32.33462571
0,image_111.jpg,38.08446139,32.85978142,7.700450848,4.816369062,8.244508851,30.59814579
0,image_276.jpg,36.32088482,35.26313569,4.664321012,2.839273772,56.8676885,37.32209963
0,image_50.jpg,37.20683067,35.88236142,3.944629045,2.483358392,45.9432883,36.97326533
0,image_53.jpg,37.59699946,35.22679065,4.761414944,2.99232442,29.9073203,34.98595387
0,image_184.jpg,36.45067048,36.13211418,3.616608539,2.244059532,59.31938339,39.14778047
0,image_88.jpg,38.02212372,32.99720873,7.523385148,4.745463178,6.337299212,30.70649471
0,image_350.jpg,36.56703973,35.42384055,4.474640207,2.80854623,66.11949106,37.05562765
0,image_253.jpg,36.30731938,35.64737218,4.194694391,2.630408623,76.83782099,38.11404078
0,image_290.jpg,36.56632771,36.07890727,3.684537625,2.307121602,61.10970886,38.76203808
0,image_206.jpg,37.52016796,36.40037337,3.325971055,2.099321137,53.30097554,37.48449158
0,image_289.jpg,37.6107596,35.60664515,4.292242578,2.719149309,40.0946378,35.47255898
0,image_41.jpg,37.24903802,34.60843974,5.490039594,3.48414241,22.83185426,33.87870349
0,image_133.jpg,37.84830116,36.73137808,2.937126081,1.853895199,51.39824895,37.63314528
0,image_263.jpg,37.20241501,34.53471064,5.586030594,3.525940649,29.24498275,34.13986436
0,image_266.jpg,36.27711736,35.01888611,4.958027875,3.087943515,58.88605641,36.80211892
0,image_243.jpg,36.72051442,34.8227008,5.20922952,3.264358095,49.73736258,35.3510861
0,image_89.jpg,38.31866206,33.93543228,6.393850361,4.03388642,17.03909497,32.20265038
0,image_10.jpg,37.35277261,35.81445714,4.029075412,2.523875095,51.75359694,36.3942141
0,image_223.jpg,38.82077979,32.86412732,7.767181606,4.885853069,8.551783495,31.01468052
0,image_5.jpg,37.36270199,35.68232708,4.189683164,2.628655105,48.58599542,36.06709696
0,image_217.jpg,36.42406369,35.9099207,3.883606256,2.413635766,63.87167982,38.62114922
0,image_26.jpg,36.87555911,34.76524593,5.292243914,3.321909045,36.2080663,35.22768529
0,image_124.jpg,38.44803299,33.43960822,7.05526979,4.41319055,20.55466887,33.07390546
0,image_134.jpg,39.13707575,37.72126788,1.785309981,1.090152805,28.04781707,37.46415338
0,image_273.jpg,37.10781577,33.76078367,6.528248555,4.10883136,18.61240378,32.8160313
0,image_301.jpg,36.44214882,35.89579885,3.900070248,2.458566351,69.66156772,38.49813032
0,image_324.jpg,36.6535219,35.09869026,4.871747272,3.034586768,58.75979898,36.11234614
0,image_297.jpg,36.13266718,35.79547015,4.01241822,2.501945618,63.66983136,38.95596112
0,image_359.jpg,37.95240747,33.98124055,6.326342016,3.976306953,24.41338285,33.08987153
0,image_157.jpg,37.51285432,35.70754156,4.176798383,2.591197615,38.20220043,36.33272255
0,image_308.jpg,36.88957113,36.35208079,3.365425723,2.08244718,57.67652056,38.77645569
0,image_203.jpg,37.38032843,34.21019149,6.007587582,3.731261534,26.91255486,33.91880345
0,image_256.jpg,36.16530106,35.23062023,4.695176935,2.930657089,73.21337232,37.43383232
0,image_138.jpg,38.45891165,34.31387258,5.907988609,3.7203852,4.071723938,31.48835877
0,image_199.jpg,39.05110522,36.96390564,2.694810271,1.724483098,33.75322924,35.62878442
0,image_65.jpg,38.0703869,32.1204495,8.625620404,5.39532163,5.682480469,30.1008274
0,image_144.jpg,37.83307566,34.12487728,6.1172424,3.809117541,11.87121802,32.40156851
0,image_255.jpg,37.45327641,34.17991722,6.027351497,3.73574733,10.03948629,32.89662462
0,image_116.jpg,39.39384083,30.82284808,10.44594335,6.480755032,3.250649975,32.63796437
0,image_119.jpg,38.82234725,30.34635062,10.98473135,6.889048763,8.217414055,31.90468488
0,image_188.jpg,39.7380494,37.3560875,2.242061466,1.436529366,30.28887842,35.09665173
0,image_102.jpg,36.98605546,34.64468353,5.462996977,3.41447067,33.67992515,35.57361981
0,image_176.jpg,37.25086358,34.55183041,5.57997913,3.462857139,44.33595754,34.61722063
0,image_62.jpg,37.01126,35.30923417,4.637131887,2.89016495,38.84203956,36.21284607
0,image_284.jpg,36.86607898,35.92851652,3.873731929,2.436421443,69.85248524,37.65041561
0,image_210.jpg,36.90536467,33.97520406,6.264103282,3.923783366,26.96466013,33.84985918
0,image_252.jpg,36.5927238,35.21379795,4.728235195,2.973227103,76.16074284,36.4304738
0,image_356.jpg,36.52836899,35.25108175,4.682800406,2.938643037,65.60981088,36.73195161
0,image_250.jpg,36.58302168,35.7024474,4.136873299,2.592300855,76.92008781,37.65362242
0,image_272.jpg,37.55241537,35.25241203,4.722681897,2.981538762,33.27064628,34.88506072
0,image_283.jpg,36.01513238,34.3672184,5.737135048,3.572763074,59.70918905,35.73352406
0,image_222.jpg,36.40944543,34.81965733,5.203177348,3.256869822,59.3715684,36.02381253
0,image_224.jpg,36.45254921,35.18653793,4.758138023,2.988563764,65.34400594,36.72413718
0,image_187.jpg,36.89514891,36.10357597,3.664624274,2.300589389,58.62895632,38.0887081
0,image_115.jpg,39.26309467,31.13471568,10.0423616,6.235226079,4.567330405,32.7740387
0,image_179.jpg,37.46935747,34.74862226,5.336740029,3.353603777,36.49694715,34.12756222
0,image_57.jpg,38.22654356,36.7386017,2.937811292,1.862807436,52.72255012,36.72444744
0,image_28.jpg,37.2586598,34.91311046,5.128246255,3.204205537,30.62945033,34.87179582
0,image_122.jpg,38.52651443,36.66693445,3.043166071,1.933567726,35.91906514,36.27449399
0,image_96.jpg,37.85267647,34.8811225,5.21114541,3.261817896,26.54842227,34.54937272
0,image_129.jpg,38.54461039,36.07713397,3.74914742,2.374066798,42.82559565,34.45499211
0,image_76.jpg,36.80582701,33.20032187,7.234653048,4.416670735,28.96616597,33.66011806
0,image_148.jpg,38.24060847,33.95466399,6.340437962,3.983154647,3.37917926,31.27946558
0,image_268.jpg,36.07680819,35.12196236,4.824057403,3.0228153,68.94515635,37.36911592
0,image_305.jpg,36.5081479,35.45045049,4.442009064,2.769620007,56.01245142,37.30744984
0,image_136.jpg,39.74966137,37.07555053,2.586561396,1.646054464,26.02515493,34.57915999
0,image_170.jpg,37.3129017,33.02263767,7.467786341,4.686044426,18.28099159,32.21080248
0,image_245.jpg,36.36634212,34.85422893,5.157581628,3.233778977,63.16052323,36.10301896
0,image_169.jpg,37.25853881,33.36057529,7.06623116,4.399613399,28.2872299,33.52773939
0,image_140.jpg,38.55305819,36.25755853,3.53070792,2.222981977,48.84812267,34.86108768
0,image_325.jpg,37.49837186,36.31952313,3.422470801,2.175559106,55.79705747,37.30805086
0,image_91.jpg,37.58704472,36.03954728,3.768588165,2.397804389,38.07305981,36.61868983
0,image_178.jpg,36.98683535,34.1761134,6.025655392,3.758224357,46.26894532,34.24899156
0,image_27.jpg,37.19257481,35.71089953,4.151664834,2.59806242,43.38254138,36.5862263
0,image_239.jpg,36.41635601,35.01497485,4.963979537,3.117922252,67.70601036,36.35886252
0,image_25.jpg,36.994028,35.61199793,4.263058168,2.680074318,48.00011493,36.69380035
0,image_49.jpg,37.22985367,35.99225566,3.813461462,2.393422058,43.75010623,37.23595363
0,image_327.jpg,37.55887358,33.10850162,7.358128916,4.600312976,6.967216621,31.32833398
0,image_87.jpg,37.47497707,34.50371255,5.648871911,3.490878234,29.13824409,34.16027905
0,image_99.jpg,38.87703656,31.66373595,9.274744962,5.82252553,3.892455927,30.15646527
0,image_163.jpg,37.02473288,33.16185707,7.292503579,4.453677656,27.51207411,33.27112431
0,image_227.jpg,36.61601842,35.41590993,4.486248329,2.785411328,61.28970161,36.94890676
0,image_293.jpg,37.79398936,36.8321854,2.814266928,1.774971169,48.189057,38.03175607
0,image_341.jpg,36.65406153,34.45195373,5.658339797,3.537245191,42.41589999,34.69744739
0,image_212.jpg,38.74169697,33.13552728,7.407899806,4.668809832,6.626171044,30.68020464
0,image_177.jpg,37.04635936,33.4748662,6.869011695,4.348627457,0.725137832,32.11730402
0,image_185.jpg,37.5403203,33.94251347,6.321348766,3.950313805,6.919523154,32.29186063
0,image_270.jpg,39.28349107,36.9825134,2.681550898,1.710546301,29.35278839,35.24780842
0,image_265.jpg,36.1684288,35.55400062,4.305030086,2.679545328,65.32729664,38.25981864
0,image_54.jpg,37.37252832,33.66684115,6.676789552,4.213756806,26.70988527,33.10278667
0,image_262.jpg,36.83134522,36.09720612,3.670188546,2.318054853,60.5322811,38.20662431
0,image_310.jpg,36.54209381,36.0047649,3.772389213,2.375777049,60.09607166,38.588556
0,image_12.jpg,37.17643346,35.65241267,4.219656644,2.634704936,52.31686371,36.38510208
0,image_234.jpg,36.81344718,36.19397798,3.552160075,2.199765883,57.50411941,38.46667586
0,image_238.jpg,36.25437485,35.35758191,4.543166702,2.846872232,81.91874794,37.50078096
0,image_279.jpg,36.58470328,35.29785444,4.627885934,2.910519059,65.07107884,36.71960734
0,image_336.jpg,36.37985979,35.80815551,4.004187436,2.518012431,65.51307514,38.4210266
0,image_56.jpg,37.56385418,35.60692101,4.299981149,2.678235278,33.95219385,35.96871375
0,image_316.jpg,39.15976422,33.34618225,7.205102479,4.509839207,7.809866651,31.88729104
0,image_160.jpg,37.29269901,35.95045148,3.86788008,2.415682203,41.07040995,37.07341606
0,image_135.jpg,39.12568578,37.03650708,2.6118714,1.648888493,33.07848406,35.74907007
0,image_61.jpg,36.81704477,35.76520135,4.076376989,2.580288831,42.41622195,37.62929579
0,image_233.jpg,36.37088271,35.79955158,4.015246474,2.505544886,62.7852202,38.4579129
0,image_37.jpg,37.28386549,35.69399177,4.170404199,2.623596178,66.15654458,36.15686214
0,image_236.jpg,36.26624906,35.47401871,4.404027278,2.774732427,65.02718613,37.81591454
0,image_269.jpg,36.36980953,35.61202237,4.241690968,2.641215472,63.68863263,37.98447002
0,image_352.jpg,36.97800611,35.2730292,4.675262384,2.920690584,50.36707919,36.00616407
0,image_221.jpg,38.49005319,36.18579558,3.62019169,2.316281681,37.52732927,35.01396219
0,image_84.jpg,37.74895527,32.57189587,8.036317304,5.071212022,8.706214977,30.54729475
0,image_71.jpg,36.81160185,32.87039622,7.628530917,4.731971678,28.17233768,32.61469017
0,image_152.jpg,37.49834136,35.07678693,4.958463633,3.076825863,37.31171883,35.60268806
0,image_267.jpg,37.82311355,34.34406589,5.848991835,3.688180468,15.65846486,32.84660687
0,image_287.jpg,36.43726095,35.56306903,4.303234471,2.699107567,53.68338914,37.72563152
0,image_205.jpg,36.87686951,34.83816636,5.210872363,3.237999057,38.89450801,35.68384142
0,image_353.jpg,36.86722748,35.49816076,4.394780652,2.754152907,62.06352293,36.60851145
0,image_118.jpg,38.47636309,36.44912019,3.305009151,2.088212544,29.839154,35.84632412
0,image_328.jpg,36.51875938,35.05525712,4.919184548,3.066578203,61.00582532,36.26388822
0,image_171.jpg,37.91294251,33.99844983,6.277556085,3.911855429,11.37423047,32.11739351
0,image_209.jpg,36.97722471,35.294096,4.651608011,2.921857606,41.33668515,36.1359655
0,image_242.jpg,38.10052098,34.03960678,6.228788486,3.897971225,5.068611653,31.6085121
0,image_112.jpg,37.01354558,33.53880957,6.795650142,4.268145294,14.63252586,32.55266013
0,image_43.jpg,38.48621415,33.71853116,6.691947659,4.172943457,15.42586662,32.55876327
0,image_45.jpg,38.44165161,33.99987324,6.297000482,3.936319954,4.461758656,31.15515533
0,image_349.jpg,37.11715974,34.92982685,5.094836175,3.200503162,44.557671,34.86143005
0,image_107.jpg,39.18067986,37.26943256,2.328756755,1.491212248,33.14300076,36.07429267
0,image_281.jpg,37.65672186,35.6084147,4.293359754,2.714331547,38.48908934,35.45133941
0,image_68.jpg,38.19470111,36.07073438,3.744621135,2.364991614,55.73273911,35.15010117
0,image_237.jpg,36.21926046,35.31571467,4.594080801,2.90513245,70.59711627,37.53106054
0,image_108.jpg,38.16626349,33.98287167,6.311248072,3.958516204,9.013035624,31.81024937
0,image_303.jpg,36.70495345,33.71397133,6.566092578,4.110020293,23.01776217,33.32757097
0,image_299.jpg,36.78398309,36.05494043,3.719829757,2.324954523,60.03186891,38.20621542
0,image_306.jpg,36.71110899,36.02918535,3.747925445,2.346369974,62.77056519,38.27022725
0,image_11.jpg,37.40305171,35.82785546,4.015765539,2.507810692,48.21757668,36.37172011
0,image_23.jpg,36.87366074,35.86239358,3.955677013,2.505680255,49.62033191,37.54232901
0,image_132.jpg,38.39906974,36.76915975,2.909660084,1.813059594,45.02284448,36.56290172
0,image_149.jpg,37.41724403,35.64880265,4.24800731,2.614377051,38.46311416,36.527108
0,image_280.jpg,36.48650833,35.0208736,4.961707478,3.113635103,58.02986108,36.32984673
0,image_286.jpg,36.47369614,35.67839783,4.165481596,2.585366981,55.31348686,37.95458877
0,image_69.jpg,36.68950772,33.54522938,6.788573159,4.251177793,31.73591793,33.72296185
0,image_52.jpg,37.53192218,35.3379053,4.621571261,2.922542831,32.07569265,35.26129477
0,image_207.jpg,38.7040305,33.02700505,7.519436832,4.751644172,0.648765149,29.73163498
0,image_4.jpg,37.88494618,35.75767383,4.121941064,2.57938656,39.288757,35.40097382
0,image_208.jpg,37.25730872,34.64254633,5.474256149,3.330675876,32.8340162,34.98289405
0,image_150.jpg,37.59288949,35.69753149,4.192913324,2.596890137,37.23774607,36.19497701
0,image_66.jpg,37.19882802,35.37104463,4.572918069,2.881861692,36.23601552,36.14753907
0,image_114.jpg,38.71584361,30.88798205,10.26001387,6.316126022,5.013436542,30.74164984
0,image_123.jpg,38.4670911,33.6827739,6.689971535,4.246891285,2.439582818,30.67455675
0,image_128.jpg,38.59767363,32.6079033,8.047167375,5.09820056,3.057508234,29.92687596
0,image_360.jpg,37.43210726,35.81227294,4.033514662,2.541532779,57.71337618,36.1871442
0,image_21.jpg,37.03450273,35.67058595,4.193000409,2.626628792,51.33355306,36.730557
0,image_72.jpg,36.93677801,33.70714213,6.605429984,4.102851169,26.746686,33.78501459
0,image_195.jpg,37.15480446,36.16000618,3.604655022,2.26972188,58.52521661,37.66641995
0,image_182.jpg,37.28496873,34.13364292,6.088723585,3.784604297,21.37243175,33.59013796
0,image_94.jpg,36.95517941,33.64436617,6.703271752,4.135516912,32.10813727,34.46901057
0,image_127.jpg,38.42129462,36.97800835,2.657579961,1.645174584,45.09801755,37.02152431
0,image_143.jpg,38.26013608,33.84087997,6.482253854,4.069694519,2.654884692,31.10410914
0,image_47.jpg,38.08599442,36.2558872,3.522010388,2.239976167,40.72116618,36.03873945
0,image_93.jpg,36.64656495,34.58724662,5.509254251,3.45924329,36.85291611,35.65600263
0,image_173.jpg,36.85650824,36.33182512,3.387801933,2.133555534,59.10303347,38.75403838
0,image_167.jpg,37.10934662,33.25502047,7.181322302,4.463902002,27.54813177,33.26827307
0,image_120.jpg,38.60943344,33.02817669,7.530618616,4.745006159,7.680468254,30.58217781
0,image_259.jpg,37.06752425,34.50088662,5.617010102,3.563114439,34.10217191,34.11636249
0,image_321.jpg,37.08056148,34.44573223,5.703487192,3.615385508,39.0243992,34.7493715
0,image_312.jpg,36.74912691,36.42541776,3.27263493,2.037073133,53.94892547,39.27673305
0,image_59.jpg,37.37963432,35.6102792,4.290178557,2.692327171,35.06504761,36.38078253
0,image_211.jpg,36.65309456,36.07950478,3.686355716,2.302143795,60.69684217,38.56660337
0,image_241.jpg,36.29730206,34.91811461,5.077421621,3.168661567,68.10148952,36.38126133
0,image_110.jpg,37.22151373,34.3752332,5.791774328,3.606061133,33.22156957,34.21020063
0,image_329.jpg,36.49928053,35.96556494,3.818723408,2.385503534,59.62437856,38.5964032
0,image_355.jpg,37.73203944,34.9525866,5.093240573,3.161489352,31.04459763,33.84856472
0,image_229.jpg,36.71680122,35.65051319,4.206479329,2.618836984,56.79761006,37.34049689
0,image_309.jpg,36.55766628,35.88919998,3.912986475,2.394699607,60.23283654,38.28365524
0,image_339.jpg,37.61248067,35.45342584,4.484307697,2.778241882,36.7244031,35.36708182
0,image_166.jpg,38.06552593,33.53232099,6.875755748,4.360482277,15.88262552,31.85659988
0,image_85.jpg,37.64021473,34.62199466,5.512535476,3.486805063,27.46092662,34.15432185
0,image_282.jpg,36.203075,34.99501773,4.982076947,3.109369017,71.23972389,36.80215924
0,image_7.jpg,37.19099951,35.26239209,4.694737521,2.949225294,42.96439579,35.51194672
0,image_235.jpg,38.72929063,32.66788587,7.999894881,5.015691047,6.765550388,30.65820561
0,image_55.jpg,37.86732361,36.00317582,3.83379755,2.381539763,33.31828388,36.42891273
0,image_285.jpg,36.42687614,35.23318096,4.704672411,2.950274351,43.31858951,37.04969646
0,image_24.jpg,37.97246379,35.99403341,3.82955135,2.420824587,63.85867011,35.41068774
0,image_117.jpg,37.24604826,32.43434199,8.178834128,5.068551557,11.88558134,30.97386634
0,image_145.jpg,37.23585834,34.13320607,6.072650725,3.851979984,14.07036719,33.07600758
0,image_165.jpg,37.60005902,35.94687342,3.877753667,2.480696233,48.5438316,36.22481452
1,image_530.jpg,39.59293032,31.48274867,9.538116208,6.188704082,67.40121416,29.0541145
1,image_533.jpg,39.70209627,32.5114777,8.247879134,5.36384505,59.25023661,29.31417634
1,image_531.jpg,39.29862026,33.0427702,7.543397784,4.898240885,51.51050144,29.47619385
1,image_518.jpg,39.48911723,32.47143081,8.278529872,5.355440362,57.58183467,29.2232104
1,image_522.jpg,39.45720207,32.16678025,8.658159711,5.600643512,59.5765278,29.04325916
1,image_511.jpg,39.58250973,33.29021749,7.252570552,4.72269467,51.21651411,29.44741824
1,image_516.jpg,39.62801859,32.32440312,8.47376585,5.481777273,59.59844312,29.09524808
1,image_525.jpg,39.35484387,33.25751952,7.294241236,4.720840327,53.00840028,30.24553751
1,image_521.jpg,39.7741867,33.30970748,7.252926771,4.69275119,54.05202938,29.81480967
1,image_532.jpg,39.30256473,31.07008247,10.03513537,6.500903389,68.76071309,28.96042236
1,image_535.jpg,40.48711549,33.97057496,6.505721467,4.2233805,58.5430861,31.11102612
1,image_534.jpg,39.82869897,33.31341788,7.24429223,4.72109371,53.00672132,29.4637057
1,image_527.jpg,38.53375557,33.55168745,6.884428491,4.457076563,49.17300197,31.59892153
1,image_513.jpg,37.5568681,33.01054145,7.54714358,4.87532669,56.58583749,33.99894984
1,image_523.jpg,39.58619063,32.29793516,8.506301316,5.5026916,59.94380758,29.19695026
1,image_519.jpg,39.21897313,32.53578135,8.188470493,5.297784865,57.24718651,29.8169604
1,image_526.jpg,38.50646362,34.94324968,5.145955176,3.33260113,40.41078917,32.84010596
1,image_520.jpg,39.47627151,32.35717752,8.427417388,5.451598672,59.43658286,29.42708194
1,image_515.jpg,39.59469729,32.29219833,8.512066934,5.506501435,59.68985934,29.10494354
1,image_495.jpg,39.45465171,33.62788277,6.818858325,4.431836265,47.85284042,29.68113279
1,image_455.jpg,39.87161631,34.05523462,6.316593905,4.105505693,47.81098408,29.88653251
1,image_484.jpg,38.62001868,32.08487196,8.697973579,5.649445715,54.84304253,29.31066414
1,image_454.jpg,40.11837653,34.20456496,6.146798138,3.996767073,48.12111178,29.84231119
1,image_425.jpg,39.29800949,33.37274604,7.129617947,4.62886173,49.13491851,29.68662133
1,image_409.jpg,38.44617612,34.35120608,5.85804468,3.787461436,39.93820818,31.4273239
1,image_406.jpg,37.69244869,35.27612079,4.691411966,3.035509877,36.89411213,34.34993436
1,image_552.jpg,37.68015235,34.95229647,5.085863726,3.289275077,37.34409685,33.70990596
1,image_405.jpg,39.73436387,34.98144237,5.1951678,3.361851692,48.76477594,32.59610135
1,image_549.jpg,38.66465925,33.27002921,7.208278896,4.671674214,45.41508689,29.75776092
1,image_506.jpg,38.77096755,33.36636474,7.097610919,4.595710798,45.75938591,29.86648148
1,image_460.jpg,39.99835209,33.75489864,6.699694425,4.357418524,50.26999134,29.52369986
1,image_517.jpg,39.31477571,34.42125733,5.818442609,3.764522054,42.08078336,30.43960821
1,image_416.jpg,38.69914826,33.87501804,6.499317913,4.200927501,49.23034154,32.06578966
1,image_451.jpg,40.13962101,33.63575196,6.859765238,4.4623671,52.03619561,29.39674046
1,image_551.jpg,38.89425359,33.6510389,6.750876481,4.367384018,44.65563104,30.03939712
1,image_432.jpg,40.81626715,32.95372079,7.831880381,5.077323468,72.41842007,31.42787849
1,image_548.jpg,38.79277947,35.00682172,5.067858041,3.277168898,38.41133798,31.95190554
1,image_411.jpg,37.93205423,34.4060964,5.795282059,3.743264319,43.82696237,33.49868201
1,image_437.jpg,39.54776104,33.5174242,6.965057487,4.507792865,49.35849005,29.60442171
1,image_461.jpg,39.60895898,33.57291559,6.90140746,4.487266455,49.57348045,29.6711817
1,image_557.jpg,39.16656098,32.29606472,8.464134241,5.477280873,55.09368622,28.82087404
1,image_426.jpg,39.92288621,32.45968735,8.358357756,5.42679583,65.92053773,30.38954064
1,image_415.jpg,40.20096006,33.80080829,6.659428489,4.351260836,51.57928382,29.56118812
1,image_438.jpg,39.18158595,35.8252312,4.082114165,2.642941155,36.89347777,32.78601129
1,image_545.jpg,39.22691132,35.14330578,4.9212451,3.181925077,38.82203844,31.53972776
1,image_408.jpg,39.37931393,32.18346586,8.636336523,5.596157123,59.7978186,29.28742144
1,image_423.jpg,39.29957004,33.07875512,7.498823141,4.869120343,51.33784768,29.51823513
1,image_553.jpg,39.68571058,33.0902236,7.520659315,4.866141331,54.9289682,29.67511343
1,image_560.jpg,38.85120424,34.666728,5.489463845,3.544948312,39.67170295,31.3339366
1,image_462.jpg,39.78596702,34.55817781,5.677787978,3.69779928,43.35300306,30.16684573
1,image_402.jpg,39.13742528,33.07958071,7.478201421,4.841177207,49.04917572,29.27559425
1,image_420.jpg,39.84907638,32.71723851,7.998514667,5.185025307,58.29743275,29.28964954
1,image_468.jpg,38.06887392,33.73865773,6.600157646,4.339837473,42.35165074,31.28091074
1,image_434.jpg,40.02711125,33.95829378,6.45134301,4.170135306,49.75345419,29.82809252
1,image_435.jpg,37.91961007,35.37314365,4.584390785,3.021973743,37.22945369,34.22476805
1,image_449.jpg,39.36386655,33.20518143,7.340543906,4.767591562,50.06182554,29.38511458
1,image_442.jpg,40.04968418,32.81195849,7.923622246,5.124871559,63.76004759,30.45962654
1,image_556.jpg,39.87110177,34.51182298,5.744184012,3.714090947,44.54515923,30.18224736
1,image_452.jpg,40.19628241,33.87045483,6.570484996,4.272427847,50.83479084,29.55515089
1,image_431.jpg,39.96543195,32.5174583,8.277453226,5.400770362,63.80409465,29.92965398
1,image_419.jpg,40.16704417,32.88452512,7.814072147,5.06819489,59.35687978,29.33341384
1,image_528.jpg,39.11661396,32.48817772,8.217316965,5.31886325,53.02548994,28.87219221
1,image_555.jpg,40.07009639,32.33303631,8.539008976,5.522535498,69.59119003,30.69724715
1,image_407.jpg,39.36522362,32.63237056,8.07421284,5.224940391,56.78350936,29.65228441
1,image_459.jpg,39.22190407,33.9329708,6.420784971,4.173790927,44.50801422,30.04415592
1,image_404.jpg,38.43069714,35.2788932,4.717877455,3.049393238,37.25534156,33.01915115
1,image_465.jpg,40.25902645,32.10525791,8.830362595,5.734947625,71.00397523,30.13268918
1,image_450.jpg,40.02708385,32.08095645,8.830507286,5.729676702,67.5232772,29.67433883
1,image_424.jpg,37.87513875,33.53033541,6.846102358,4.529063212,42.49838021,31.19317755
1,image_440.jpg,39.01102655,35.66655097,4.269286651,2.766852397,37.12309717,32.79229248
1,image_429.jpg,40.07764503,33.04731762,7.604805837,4.945170118,57.88269398,29.53562195
1,image_554.jpg,39.88560472,33.31761416,7.274251439,4.705337945,58.56887478,30.71919455
1,image_436.jpg,39.59610924,32.70442231,7.991312089,5.180894416,56.05961224,29.20217965
1,image_559.jpg,39.78630551,31.47342296,9.577574721,6.186164939,70.93545631,29.51966404
1,image_413.jpg,39.08626724,34.08437918,6.223041055,4.08198167,42.94370374,30.28649017
1,image_547.jpg,40.11767379,33.62314853,6.950653322,4.502357314,64.9569321,32.55743709
1,image_542.jpg,39.21114057,31.76399877,9.146954731,5.920888059,61.28889987,28.97361762
1,image_446.jpg,39.0111146,35.71853394,4.205151884,2.765207334,36.92521652,32.86806015
1,image_412.jpg,38.32862582,33.76227364,6.606574526,4.277456547,46.62475739,31.87701675
1,image_543.jpg,39.50843854,31.12136732,9.996610129,6.474939737,71.44401698,29.33925114
1,image_417.jpg,39.47344687,31.69085319,9.285032534,5.996132468,67.98868874,29.92500191
1,image_489.jpg,38.43447817,34.78444988,5.325939776,3.467550362,38.77618501,32.20151366
1,image_487.jpg,39.20719939,34.09794766,6.214378365,4.0295655,43.49092357,30.21874074
1,image_486.jpg,39.98431125,35.03427507,5.104105354,3.346673514,42.60571404,30.73889135
1,image_510.jpg,39.59412303,31.89260866,9.010798286,5.828341406,62.17906368,28.75822542
1,image_501.jpg,39.48347697,33.08149524,7.502546722,4.873700829,51.36246545,29.17568676
1,image_474.jpg,39.73924926,37.02039766,2.64585712,1.745104236,35.29490714,34.17426071
1,image_478.jpg,40.46861698,32.74352544,8.049167889,5.214067257,68.31363871,30.59687988
1,image_491.jpg,39.92516695,33.22078824,7.374623519,4.792239304,55.45930608,29.65383375
1,image_493.jpg,39.99724657,33.60832939,6.885371919,4.476419342,51.65235125,29.5126122
1,image_497.jpg,39.95226069,33.61327703,6.874265063,4.460387045,51.07317655,29.47016013
1,image_505.jpg,39.5992554,32.53629535,8.205415794,5.327822463,57.80600042,29.220098
1,image_498.jpg,39.98285211,33.16072123,7.454861806,4.833046165,56.35771199,29.61790689
1,image_476.jpg,39.55918584,33.61125195,6.848850973,4.432815505,48.85467509,29.68369419
1,image_482.jpg,39.73157458,32.94915113,7.69262662,4.996084299,54.82167822,29.22347841
1,image_479.jpg,39.63889108,31.67948857,9.291702719,6.028657979,65.74062221,29.03062445
1,image_485.jpg,39.94994215,33.89037673,6.523475294,4.271618234,48.52940053,29.51661217
1,image_500.jpg,39.24382788,31.66694204,9.264583618,6.019096132,61.09241833,28.63081775
1,image_494.jpg,39.45810088,32.73522858,7.938939802,5.154596952,54.38956258,29.13528221
1,image_508.jpg,40.18858845,32.2572786,8.653072078,5.632411409,72.60879977,31.02282819
1,image_488.jpg,38.7749216,34.02872883,6.276200656,4.071832195,42.50870316,30.64873088
1,image_477.jpg,39.59636502,31.92625352,8.97065217,5.793571901,62.26763959,28.8558371
1,image_490.jpg,39.2064751,35.16281959,4.896714625,3.182679055,38.80059856,31.62056878
1,image_504.jpg,40.45788793,32.76884595,8.046627411,5.218326389,73.13628267,31.8532146
1,image_550.jpg,39.87195948,34.04270149,6.333129408,4.136890582,48.03767032,29.91117302
1,image_538.jpg,39.26798768,33.88058048,6.49249507,4.219428726,45.61021458,30.09862355
1,image_492.jpg,40.30207597,35.12305323,5.007964419,3.276742248,42.51774362,30.3159453
1,image_540.jpg,37.55618739,33.01300022,7.543934453,4.873660092,56.55114308,33.99768264
1,image_471.jpg,40.17382364,35.42735368,4.621503694,3.026643409,40.31207536,30.75290651
1,image_537.jpg,39.3464927,33.12514327,7.438244751,4.842558622,50.29873275,29.28522562
1,image_445.jpg,39.45472694,33.45466793,7.037535641,4.55981655,49.35005857,29.63211297
1,image_502.jpg,39.69078925,33.9195205,6.468774121,4.212398549,46.89325718,29.68791458
1,image_529.jpg,39.63335522,34.2030471,6.110692367,3.989750912,44.78216805,29.96156849
1,image_536.jpg,39.22250857,31.62565393,9.31679667,6.042942868,61.59948517,28.6969274
1,image_481.jpg,39.30183751,33.13528007,7.428649427,4.82376728,51.0353532,29.5751513
1,image_541.jpg,39.92169894,32.44942445,8.349697978,5.418083761,62.36319117,29.50049529
1,image_422.jpg,40.29735592,35.48151686,4.562076722,2.966702633,40.57379154,30.70752345
1,image_433.jpg,39.84582259,33.86538487,6.549060795,4.240598086,48.3971382,29.62572952
1,image_558.jpg,40.17258348,35.31826998,4.757418859,3.106090514,40.95906187,30.65241902
1,image_514.jpg,39.2118078,32.88801031,7.725041027,5.028791912,51.07734305,29.16863748
1,image_524.jpg,39.13946096,33.66659246,6.751315049,4.390948793,46.3598163,30.01835563
1,image_458.jpg,39.25671551,34.55375004,5.652990338,3.658740759,41.60997312,30.75343323
1,image_473.jpg,39.88704779,34.14392453,6.202142219,4.060254558,46.52647272,29.75556378
1,image_512.jpg,39.80809616,35.5572724,4.440721257,2.890147484,38.673396,31.37005751
1,image_410.jpg,40.23826128,35.73169074,4.247686152,2.783730636,39.02944392,31.04282339
1,image_467.jpg,39.91849495,34.29751469,6.011221785,3.931086942,45.50305082,29.81229896
